-- phpMyAdmin SQL Dump
-- version 5.2.1
-- https://www.phpmyadmin.net/
--
-- ホスト: 127.0.0.1
-- 生成日時: 2026-01-22 11:01:48
-- サーバのバージョン： 10.4.32-MariaDB
-- PHP のバージョン: 8.2.12

SET SQL_MODE = "NO_AUTO_VALUE_ON_ZERO";
START TRANSACTION;
SET time_zone = "+00:00";


/*!40101 SET @OLD_CHARACTER_SET_CLIENT=@@CHARACTER_SET_CLIENT */;
/*!40101 SET @OLD_CHARACTER_SET_RESULTS=@@CHARACTER_SET_RESULTS */;
/*!40101 SET @OLD_COLLATION_CONNECTION=@@COLLATION_CONNECTION */;
/*!40101 SET NAMES utf8mb4 */;

--
-- データベース: `sotuken242301`
--

-- --------------------------------------------------------

--
-- テーブルの構造 `bosr1`
--

CREATE TABLE `bosr1` (
  `ruoid` int(5) NOT NULL,
  `stationid` int(20) NOT NULL
) ENGINE=InnoDB DEFAULT CHARSET=utf8mb4 COLLATE=utf8mb4_general_ci;

--
-- テーブルのデータのダンプ `bosr1`
--

INSERT INTO `bosr1` (`ruoid`, `stationid`) VALUES
(1, 1),
(1, 4),
(3, 4);

-- --------------------------------------------------------

--
-- テーブルの構造 `bosr2`
--

CREATE TABLE `bosr2` (
  `ruoid` int(5) NOT NULL,
  `stationid` int(20) NOT NULL
) ENGINE=InnoDB DEFAULT CHARSET=utf8mb4 COLLATE=utf8mb4_general_ci;

--
-- テーブルのデータのダンプ `bosr2`
--

INSERT INTO `bosr2` (`ruoid`, `stationid`) VALUES
(2, 1),
(3, 8),
(4, 16);

-- --------------------------------------------------------

--
-- テーブルの構造 `com`
--

CREATE TABLE `com` (
  `busid` int(3) NOT NULL,
  `busname` varchar(30) NOT NULL
) ENGINE=InnoDB DEFAULT CHARSET=utf8mb4 COLLATE=utf8mb4_general_ci;

--
-- テーブルのデータのダンプ `com`
--

INSERT INTO `com` (`busid`, `busname`) VALUES
(1, 'JR東日本'),
(2, '東武鉄道');

-- --------------------------------------------------------

--
-- テーブルの構造 `farepass`
--

CREATE TABLE `farepass` (
  `busid` int(3) NOT NULL,
  `passno` int(10) NOT NULL,
  `motno` int(10) NOT NULL,
  `km` int(100) NOT NULL,
  `fare` int(6) NOT NULL
) ENGINE=InnoDB DEFAULT CHARSET=utf8mb4 COLLATE=utf8mb4_general_ci;

--
-- テーブルのデータのダンプ `farepass`
--

INSERT INTO `farepass` (`busid`, `passno`, `motno`, `km`, `fare`) VALUES
(1, 1, 1, 1, 4620),
(1, 1, 1, 2, 4620),
(1, 1, 1, 3, 4620),
(1, 1, 1, 4, 5600),
(1, 1, 1, 5, 5600),
(1, 1, 1, 6, 5600),
(1, 1, 1, 7, 5940),
(1, 1, 1, 8, 5940),
(1, 1, 1, 9, 5940),
(1, 1, 1, 10, 5940),
(1, 1, 1, 11, 7260),
(1, 1, 1, 12, 7260),
(1, 1, 1, 13, 7260),
(1, 1, 1, 14, 7260),
(1, 1, 1, 15, 7260),
(1, 1, 1, 16, 9900),
(1, 1, 1, 17, 9900),
(1, 1, 1, 18, 9900),
(1, 1, 1, 19, 9900),
(1, 1, 1, 20, 9900),
(1, 1, 1, 21, 12540),
(1, 1, 1, 22, 12540),
(1, 1, 1, 23, 12540),
(1, 1, 1, 24, 12540),
(1, 1, 1, 25, 12540),
(1, 1, 1, 26, 14750),
(1, 1, 1, 27, 15010),
(1, 1, 1, 28, 15010),
(1, 1, 1, 29, 15010),
(1, 1, 1, 30, 15010),
(1, 1, 1, 31, 17100),
(1, 1, 1, 32, 17560),
(1, 1, 1, 33, 17810),
(1, 1, 1, 34, 17810),
(1, 1, 1, 35, 17810),
(1, 1, 1, 36, 19330),
(1, 1, 1, 37, 19780),
(1, 1, 1, 38, 20170),
(1, 1, 1, 39, 20460),
(1, 1, 1, 40, 20460),
(1, 1, 1, 41, 21470),
(1, 1, 1, 42, 21790),
(1, 1, 1, 43, 22110),
(1, 1, 1, 44, 22580),
(1, 1, 1, 45, 22910),
(1, 1, 1, 46, 22990),
(1, 1, 1, 47, 23260),
(1, 1, 1, 48, 23630),
(1, 1, 1, 49, 23950),
(1, 1, 1, 50, 24250),
(1, 1, 1, 51, 24790),
(1, 1, 1, 52, 25260),
(1, 1, 1, 53, 25660),
(1, 1, 1, 54, 26190),
(1, 1, 1, 55, 26610),
(1, 1, 1, 56, 27070),
(1, 1, 1, 57, 27480),
(1, 1, 1, 58, 28010),
(1, 1, 1, 59, 28440),
(1, 1, 1, 60, 28900),
(1, 1, 1, 61, 29280),
(1, 1, 1, 62, 29710),
(1, 1, 1, 63, 30190),
(1, 1, 1, 64, 30610),
(1, 1, 1, 65, 31180),
(1, 1, 1, 66, 31580),
(1, 1, 1, 67, 32000),
(1, 1, 1, 68, 32500),
(1, 1, 1, 69, 32990),
(1, 1, 1, 70, 33470),
(1, 1, 1, 71, 33750),
(1, 1, 1, 72, 34330),
(1, 1, 1, 73, 34730),
(1, 1, 1, 74, 35210),
(1, 1, 1, 75, 35600),
(1, 1, 1, 76, 36180),
(1, 1, 1, 77, 36590),
(1, 1, 1, 78, 37040),
(1, 1, 1, 79, 37510),
(1, 1, 1, 80, 38010),
(1, 1, 1, 81, 38660),
(1, 1, 1, 82, 39130),
(1, 1, 1, 83, 39590),
(1, 1, 1, 84, 40050),
(1, 1, 1, 85, 40600),
(1, 1, 1, 86, 41050),
(1, 1, 1, 87, 41490),
(1, 1, 1, 88, 41950),
(1, 1, 1, 89, 42420),
(1, 1, 1, 90, 42870),
(1, 1, 1, 91, 43250),
(1, 1, 1, 92, 43760),
(1, 1, 1, 93, 44130),
(1, 1, 1, 94, 44670),
(1, 1, 1, 95, 45070),
(1, 1, 1, 96, 45580),
(1, 1, 1, 97, 46100),
(1, 1, 1, 98, 46510),
(1, 1, 1, 99, 46990),
(1, 1, 1, 100, 47510),
(1, 1, 3, 1, 13170),
(1, 1, 3, 2, 13170),
(1, 1, 3, 3, 13170),
(1, 1, 3, 4, 16000),
(1, 1, 3, 5, 16000),
(1, 1, 3, 6, 16000),
(1, 1, 3, 7, 16930),
(1, 1, 3, 8, 16930),
(1, 1, 3, 9, 16930),
(1, 1, 3, 10, 16930),
(1, 1, 3, 11, 20690),
(1, 1, 3, 12, 20690),
(1, 1, 3, 13, 20690),
(1, 1, 3, 14, 20690),
(1, 1, 3, 15, 20690),
(1, 1, 3, 16, 28210),
(1, 1, 3, 17, 28210),
(1, 1, 3, 18, 28210),
(1, 1, 3, 19, 28210),
(1, 1, 3, 20, 28210),
(1, 1, 3, 21, 35730),
(1, 1, 3, 22, 35730),
(1, 1, 3, 23, 35730),
(1, 1, 3, 24, 35730),
(1, 1, 3, 25, 35730),
(1, 1, 3, 26, 42040),
(1, 1, 3, 27, 42810),
(1, 1, 3, 28, 42810),
(1, 1, 3, 29, 42810),
(1, 1, 3, 30, 42810),
(1, 1, 3, 31, 48730),
(1, 1, 3, 32, 50030),
(1, 1, 3, 33, 50750),
(1, 1, 3, 34, 50750),
(1, 1, 3, 35, 50750),
(1, 1, 3, 36, 55080),
(1, 1, 3, 37, 56390),
(1, 1, 3, 38, 57490),
(1, 1, 3, 39, 58310),
(1, 1, 3, 40, 58310),
(1, 1, 3, 41, 61170),
(1, 1, 3, 42, 62100),
(1, 1, 3, 43, 63060),
(1, 1, 3, 44, 64330),
(1, 1, 3, 45, 65310),
(1, 1, 3, 46, 65500),
(1, 1, 3, 47, 66350),
(1, 1, 3, 48, 67390),
(1, 1, 3, 49, 68250),
(1, 1, 3, 50, 69150),
(1, 1, 3, 51, 70640),
(1, 1, 3, 52, 71980),
(1, 1, 3, 53, 73110),
(1, 1, 3, 54, 74660),
(1, 1, 3, 55, 75850),
(1, 1, 3, 56, 77140),
(1, 1, 3, 57, 78320),
(1, 1, 3, 58, 79850),
(1, 1, 3, 59, 81010),
(1, 1, 3, 60, 82350),
(1, 1, 3, 61, 83470),
(1, 1, 3, 62, 84680),
(1, 1, 3, 63, 86060),
(1, 1, 3, 64, 87260),
(1, 1, 3, 65, 88850),
(1, 1, 3, 66, 90060),
(1, 1, 3, 67, 91240),
(1, 1, 3, 68, 92610),
(1, 1, 3, 69, 94020),
(1, 1, 3, 70, 95390),
(1, 1, 3, 71, 96210),
(1, 1, 3, 72, 97850),
(1, 1, 3, 73, 98980),
(1, 1, 3, 74, 100350),
(1, 1, 3, 75, 101450),
(1, 1, 3, 76, 103070),
(1, 1, 3, 77, 104250),
(1, 1, 3, 78, 105590),
(1, 1, 3, 79, 106940),
(1, 1, 3, 80, 108310),
(1, 1, 3, 81, 110230),
(1, 1, 3, 82, 111520),
(1, 1, 3, 83, 112840),
(1, 1, 3, 84, 114150),
(1, 1, 3, 85, 115690),
(1, 1, 3, 86, 116980),
(1, 1, 3, 87, 118300),
(1, 1, 3, 88, 119590),
(1, 1, 3, 89, 120900),
(1, 1, 3, 90, 122170),
(1, 1, 3, 91, 123240),
(1, 1, 3, 92, 124720),
(1, 1, 3, 93, 125820),
(1, 1, 3, 94, 127300),
(1, 1, 3, 95, 128450),
(1, 1, 3, 96, 129910),
(1, 1, 3, 97, 131360),
(1, 1, 3, 98, 132510),
(1, 1, 3, 99, 133970),
(1, 1, 3, 100, 135400),
(1, 1, 6, 1, 22160),
(1, 1, 6, 2, 22160),
(1, 1, 6, 3, 22160),
(1, 1, 6, 4, 26920),
(1, 1, 6, 5, 26920),
(1, 1, 6, 6, 26920),
(1, 1, 6, 7, 28520),
(1, 1, 6, 8, 28520),
(1, 1, 6, 9, 28520),
(1, 1, 6, 10, 28520),
(1, 1, 6, 11, 34840),
(1, 1, 6, 12, 34840),
(1, 1, 6, 13, 34840),
(1, 1, 6, 14, 34840),
(1, 1, 6, 15, 34840),
(1, 1, 6, 16, 47520),
(1, 1, 6, 17, 47520),
(1, 1, 6, 18, 47520),
(1, 1, 6, 19, 47520),
(1, 1, 6, 20, 47520),
(1, 1, 6, 21, 60180),
(1, 1, 6, 22, 60180),
(1, 1, 6, 23, 60180),
(1, 1, 6, 24, 60180),
(1, 1, 6, 25, 60180),
(1, 1, 6, 26, 72860),
(1, 1, 6, 27, 72860),
(1, 1, 6, 28, 72860),
(1, 1, 6, 29, 72860),
(1, 1, 6, 30, 72860),
(1, 1, 6, 31, 85540),
(1, 1, 6, 32, 85540),
(1, 1, 6, 33, 85540),
(1, 1, 6, 34, 85540),
(1, 1, 6, 35, 85540),
(1, 1, 6, 36, 98220),
(1, 1, 6, 37, 98220),
(1, 1, 6, 38, 98220),
(1, 1, 6, 39, 98220),
(1, 1, 6, 40, 98220),
(1, 1, 6, 41, 110880),
(1, 1, 6, 42, 110880),
(1, 1, 6, 43, 110880),
(1, 1, 6, 44, 110880),
(1, 1, 6, 45, 110880),
(1, 1, 6, 46, 123560),
(1, 1, 6, 47, 123560),
(1, 1, 6, 48, 123560),
(1, 1, 6, 49, 123560),
(1, 1, 6, 50, 123560),
(1, 1, 6, 51, 133830),
(1, 1, 6, 52, 136390),
(1, 1, 6, 53, 138530),
(1, 1, 6, 54, 141440),
(1, 1, 6, 55, 142560),
(1, 1, 6, 56, 142560),
(1, 1, 6, 57, 142560),
(1, 1, 6, 58, 142560),
(1, 1, 6, 59, 142560),
(1, 1, 6, 60, 142560),
(1, 1, 6, 61, 158110),
(1, 1, 6, 62, 160460),
(1, 1, 6, 63, 163050),
(1, 1, 6, 64, 165330),
(1, 1, 6, 65, 167900),
(1, 1, 6, 66, 167900),
(1, 1, 6, 67, 167900),
(1, 1, 6, 68, 167900),
(1, 1, 6, 69, 167900),
(1, 1, 6, 70, 167900),
(1, 1, 6, 71, 182290),
(1, 1, 6, 72, 185400),
(1, 1, 6, 73, 187520),
(1, 1, 6, 74, 190160),
(1, 1, 6, 75, 192210),
(1, 1, 6, 76, 193240),
(1, 1, 6, 77, 193240),
(1, 1, 6, 78, 193240),
(1, 1, 6, 79, 193240),
(1, 1, 6, 80, 193240),
(1, 1, 6, 81, 208870),
(1, 1, 6, 82, 211280),
(1, 1, 6, 83, 213790),
(1, 1, 6, 84, 216280),
(1, 1, 6, 85, 218580),
(1, 1, 6, 86, 218580),
(1, 1, 6, 87, 218580),
(1, 1, 6, 88, 218580),
(1, 1, 6, 89, 218580),
(1, 1, 6, 90, 218580),
(1, 1, 6, 91, 233520),
(1, 1, 6, 92, 236300),
(1, 1, 6, 93, 238370),
(1, 1, 6, 94, 241240),
(1, 1, 6, 95, 243360),
(1, 1, 6, 96, 243940),
(1, 1, 6, 97, 243940),
(1, 1, 6, 98, 243940),
(1, 1, 6, 99, 243940),
(1, 1, 6, 100, 243940),
(1, 3, 1, 1, 2760),
(1, 3, 1, 2, 2760),
(1, 3, 1, 3, 2760),
(1, 3, 1, 4, 3190),
(1, 3, 1, 5, 3450),
(1, 3, 1, 6, 3720),
(1, 3, 1, 7, 4000),
(1, 3, 1, 8, 4410),
(1, 3, 1, 9, 4710),
(1, 3, 1, 10, 4840),
(1, 3, 1, 11, 5710),
(1, 3, 1, 12, 5840),
(1, 3, 1, 13, 5960),
(1, 3, 1, 14, 6120),
(1, 3, 1, 15, 6120),
(1, 3, 1, 16, 7510),
(1, 3, 1, 17, 7680),
(1, 3, 1, 18, 7680),
(1, 3, 1, 19, 7800),
(1, 3, 1, 20, 7950),
(1, 3, 1, 21, 8110),
(1, 3, 1, 22, 8230),
(1, 3, 1, 23, 8230),
(1, 3, 1, 24, 8340),
(1, 3, 1, 25, 8370),
(1, 3, 1, 26, 8410),
(1, 3, 1, 27, 8410),
(1, 3, 1, 28, 8550),
(1, 3, 1, 29, 8550),
(1, 3, 1, 30, 8700),
(1, 3, 1, 31, 8810),
(1, 3, 1, 32, 8810),
(1, 3, 1, 33, 8890),
(1, 3, 1, 34, 8940),
(1, 3, 1, 35, 9190),
(1, 3, 1, 36, 9250),
(1, 3, 1, 37, 9280),
(1, 3, 1, 38, 9530),
(1, 3, 1, 39, 9570),
(1, 3, 1, 40, 9860),
(1, 3, 1, 41, 10100),
(1, 3, 1, 42, 10300),
(1, 3, 1, 43, 10590),
(1, 3, 1, 44, 10740),
(1, 3, 1, 45, 11030),
(1, 3, 1, 46, 11150),
(1, 3, 1, 47, 11290),
(1, 3, 1, 48, 11600),
(1, 3, 1, 49, 11800),
(1, 3, 1, 50, 12130),
(1, 3, 1, 51, 12330),
(1, 3, 1, 52, 12630),
(1, 3, 1, 53, 12820),
(1, 3, 1, 54, 13010),
(1, 3, 1, 55, 13300),
(1, 3, 1, 56, 13570),
(1, 3, 1, 57, 13690),
(1, 3, 1, 58, 13980),
(1, 3, 1, 59, 14250),
(1, 3, 1, 60, 14490),
(1, 3, 1, 61, 14560),
(1, 3, 1, 62, 14870),
(1, 3, 1, 63, 15150),
(1, 3, 1, 64, 15370),
(1, 3, 1, 65, 15600),
(1, 3, 1, 66, 15880),
(1, 3, 1, 67, 16040),
(1, 3, 1, 68, 16470),
(1, 3, 1, 69, 16550),
(1, 3, 1, 70, 16840),
(1, 3, 1, 71, 17030),
(1, 3, 1, 72, 17290),
(1, 3, 1, 73, 17640),
(1, 3, 1, 74, 17810),
(1, 3, 1, 75, 17980),
(1, 3, 1, 76, 18230),
(1, 3, 1, 77, 18470),
(1, 3, 1, 78, 18790),
(1, 3, 1, 79, 18900),
(1, 3, 1, 80, 19220),
(1, 3, 1, 81, 19590),
(1, 3, 1, 82, 19780),
(1, 3, 1, 83, 20050),
(1, 3, 1, 84, 20250),
(1, 3, 1, 85, 20530),
(1, 3, 1, 86, 20740),
(1, 3, 1, 87, 21000),
(1, 3, 1, 88, 21270),
(1, 3, 1, 89, 21350),
(1, 3, 1, 90, 21660),
(1, 3, 1, 91, 21910),
(1, 3, 1, 92, 22220),
(1, 3, 1, 93, 22440),
(1, 3, 1, 94, 22530),
(1, 3, 1, 95, 22860),
(1, 3, 1, 96, 23060),
(1, 3, 1, 97, 23290),
(1, 3, 1, 98, 23590),
(1, 3, 1, 99, 23710),
(1, 3, 1, 100, 23900),
(1, 3, 3, 1, 7830),
(1, 3, 3, 2, 7830),
(1, 3, 3, 3, 7830),
(1, 3, 3, 4, 9060),
(1, 3, 3, 5, 9880),
(1, 3, 3, 6, 10600),
(1, 3, 3, 7, 11420),
(1, 3, 3, 8, 12570),
(1, 3, 3, 9, 13390),
(1, 3, 3, 10, 13800),
(1, 3, 3, 11, 16280),
(1, 3, 3, 12, 16610),
(1, 3, 3, 13, 16990),
(1, 3, 3, 14, 17450),
(1, 3, 3, 15, 17450),
(1, 3, 3, 16, 21410),
(1, 3, 3, 17, 21900),
(1, 3, 3, 18, 21900),
(1, 3, 3, 19, 22260),
(1, 3, 3, 20, 22670),
(1, 3, 3, 21, 23110),
(1, 3, 3, 22, 23490),
(1, 3, 3, 23, 23490),
(1, 3, 3, 24, 23770),
(1, 3, 3, 25, 23850),
(1, 3, 3, 26, 23990),
(1, 3, 3, 27, 23990),
(1, 3, 3, 28, 24350),
(1, 3, 3, 29, 24350),
(1, 3, 3, 30, 24780),
(1, 3, 3, 31, 25110),
(1, 3, 3, 32, 25110),
(1, 3, 3, 33, 25360),
(1, 3, 3, 34, 25520),
(1, 3, 3, 35, 26180),
(1, 3, 3, 36, 26370),
(1, 3, 3, 37, 26460),
(1, 3, 3, 38, 27170),
(1, 3, 3, 39, 27310),
(1, 3, 3, 40, 28100),
(1, 3, 3, 41, 28790),
(1, 3, 3, 42, 29340),
(1, 3, 3, 43, 30190),
(1, 3, 3, 44, 30600),
(1, 3, 3, 45, 31450),
(1, 3, 3, 46, 31830),
(1, 3, 3, 47, 32140),
(1, 3, 3, 48, 33040),
(1, 3, 3, 49, 33670),
(1, 3, 3, 50, 34580),
(1, 3, 3, 51, 35150),
(1, 3, 3, 52, 36010),
(1, 3, 3, 53, 36560),
(1, 3, 3, 54, 37080),
(1, 3, 3, 55, 37930),
(1, 3, 3, 56, 38650),
(1, 3, 3, 57, 39030),
(1, 3, 3, 58, 39900),
(1, 3, 3, 59, 40610),
(1, 3, 3, 60, 41300),
(1, 3, 3, 61, 41500),
(1, 3, 3, 62, 42370),
(1, 3, 3, 63, 43190),
(1, 3, 3, 64, 43800),
(1, 3, 3, 65, 44460),
(1, 3, 3, 66, 45260),
(1, 3, 3, 67, 45720),
(1, 3, 3, 68, 46930),
(1, 3, 3, 69, 47200),
(1, 3, 3, 70, 47970),
(1, 3, 3, 71, 48550),
(1, 3, 3, 72, 49340),
(1, 3, 3, 73, 50280),
(1, 3, 3, 74, 50750),
(1, 3, 3, 75, 51230),
(1, 3, 3, 76, 51950),
(1, 3, 3, 77, 52660),
(1, 3, 3, 78, 53570),
(1, 3, 3, 79, 53870),
(1, 3, 3, 80, 54800),
(1, 3, 3, 81, 55840),
(1, 3, 3, 82, 56390),
(1, 3, 3, 83, 57160),
(1, 3, 3, 84, 57710),
(1, 3, 3, 85, 58530),
(1, 3, 3, 86, 59060),
(1, 3, 3, 87, 59880),
(1, 3, 3, 88, 60600),
(1, 3, 3, 89, 60860),
(1, 3, 3, 90, 61750),
(1, 3, 3, 91, 62410),
(1, 3, 3, 92, 63330),
(1, 3, 3, 93, 63940),
(1, 3, 3, 94, 64240),
(1, 3, 3, 95, 65150),
(1, 3, 3, 96, 65700),
(1, 3, 3, 97, 66380),
(1, 3, 3, 98, 67240),
(1, 3, 3, 99, 67560),
(1, 3, 3, 100, 68160),
(1, 3, 6, 1, 14860),
(1, 3, 6, 2, 14860),
(1, 3, 6, 3, 14860),
(1, 3, 6, 4, 17170),
(1, 3, 6, 5, 18710),
(1, 3, 6, 6, 20100),
(1, 3, 6, 7, 21620),
(1, 3, 6, 8, 23820),
(1, 3, 6, 9, 25360),
(1, 3, 6, 10, 26140),
(1, 3, 6, 11, 30830),
(1, 3, 6, 12, 31480),
(1, 3, 6, 13, 32210),
(1, 3, 6, 14, 33030),
(1, 3, 6, 15, 33030),
(1, 3, 6, 16, 40590),
(1, 3, 6, 17, 41460),
(1, 3, 6, 18, 41460),
(1, 3, 6, 19, 42180),
(1, 3, 6, 20, 42950),
(1, 3, 6, 21, 43780),
(1, 3, 6, 22, 44490),
(1, 3, 6, 23, 44490),
(1, 3, 6, 24, 45040),
(1, 3, 6, 25, 45200),
(1, 3, 6, 26, 45450),
(1, 3, 6, 27, 45450),
(1, 3, 6, 28, 46160),
(1, 3, 6, 29, 46160),
(1, 3, 6, 30, 46920),
(1, 3, 6, 31, 47600),
(1, 3, 6, 32, 47600),
(1, 3, 6, 33, 48050),
(1, 3, 6, 34, 48360),
(1, 3, 6, 35, 49590),
(1, 3, 6, 36, 49960),
(1, 3, 6, 37, 50140),
(1, 3, 6, 38, 51500),
(1, 3, 6, 39, 51740),
(1, 3, 6, 40, 53230),
(1, 3, 6, 41, 54540),
(1, 3, 6, 42, 55610),
(1, 3, 6, 43, 57210),
(1, 3, 6, 44, 57970),
(1, 3, 6, 45, 59590),
(1, 3, 6, 46, 60290),
(1, 3, 6, 47, 60890),
(1, 3, 6, 48, 62620),
(1, 3, 6, 49, 63800),
(1, 3, 6, 50, 65530),
(1, 3, 6, 51, 66600),
(1, 3, 6, 52, 68250),
(1, 3, 6, 53, 69270),
(1, 3, 6, 54, 70290),
(1, 3, 6, 55, 71880),
(1, 3, 6, 56, 73250),
(1, 3, 6, 57, 73950),
(1, 3, 6, 58, 75550),
(1, 3, 6, 59, 76930),
(1, 3, 6, 60, 78220),
(1, 3, 6, 61, 78660),
(1, 3, 6, 62, 80260),
(1, 3, 6, 63, 81800),
(1, 3, 6, 64, 82980),
(1, 3, 6, 65, 84240),
(1, 3, 6, 66, 85780),
(1, 3, 6, 67, 86600),
(1, 3, 6, 68, 88940),
(1, 3, 6, 69, 89410),
(1, 3, 6, 70, 90880),
(1, 3, 6, 71, 92010),
(1, 3, 6, 72, 93450),
(1, 3, 6, 73, 95280),
(1, 3, 6, 74, 96170),
(1, 3, 6, 75, 97060),
(1, 3, 6, 76, 98420),
(1, 3, 6, 77, 99730),
(1, 3, 6, 78, 101530),
(1, 3, 6, 79, 102060),
(1, 3, 6, 80, 103840),
(1, 3, 6, 81, 105800),
(1, 3, 6, 82, 106800),
(1, 3, 6, 83, 108290),
(1, 3, 6, 84, 109360),
(1, 3, 6, 85, 110900),
(1, 3, 6, 86, 111900),
(1, 3, 6, 87, 113440),
(1, 3, 6, 88, 114830),
(1, 3, 6, 89, 115300),
(1, 3, 6, 90, 117020),
(1, 3, 6, 91, 118280),
(1, 3, 6, 92, 119980),
(1, 3, 6, 93, 121160),
(1, 3, 6, 94, 121710),
(1, 3, 6, 95, 123440),
(1, 3, 6, 96, 124510),
(1, 3, 6, 97, 125760),
(1, 3, 6, 98, 127410),
(1, 3, 6, 99, 128010),
(1, 3, 6, 100, 129140),
(1, 4, 1, 1, 2480),
(1, 4, 1, 2, 2480),
(1, 4, 1, 3, 2480),
(1, 4, 1, 4, 2870),
(1, 4, 1, 5, 3100),
(1, 4, 1, 6, 3340),
(1, 4, 1, 7, 3600),
(1, 4, 1, 8, 3960),
(1, 4, 1, 9, 4230),
(1, 4, 1, 10, 4350),
(1, 4, 1, 11, 5130),
(1, 4, 1, 12, 5250),
(1, 4, 1, 13, 5360),
(1, 4, 1, 14, 5500),
(1, 4, 1, 15, 5500),
(1, 4, 1, 16, 6750),
(1, 4, 1, 17, 6910),
(1, 4, 1, 18, 6910),
(1, 4, 1, 19, 7020),
(1, 4, 1, 20, 7150),
(1, 4, 1, 21, 7290),
(1, 4, 1, 22, 7400),
(1, 4, 1, 23, 7400),
(1, 4, 1, 24, 7500),
(1, 4, 1, 25, 7530),
(1, 4, 1, 26, 7560),
(1, 4, 1, 27, 7560),
(1, 4, 1, 28, 7690),
(1, 4, 1, 29, 7690),
(1, 4, 1, 30, 7830),
(1, 4, 1, 31, 7920),
(1, 4, 1, 32, 7920),
(1, 4, 1, 33, 8000),
(1, 4, 1, 34, 8040),
(1, 4, 1, 35, 8270),
(1, 4, 1, 36, 8320),
(1, 4, 1, 37, 8350),
(1, 4, 1, 38, 8570),
(1, 4, 1, 39, 8610),
(1, 4, 1, 40, 8870),
(1, 4, 1, 41, 9090),
(1, 4, 1, 42, 9270),
(1, 4, 1, 43, 9530),
(1, 4, 1, 44, 9660),
(1, 4, 1, 45, 9920),
(1, 4, 1, 46, 10030),
(1, 4, 1, 47, 10160),
(1, 4, 1, 48, 10440),
(1, 4, 1, 49, 10620),
(1, 4, 1, 50, 10910),
(1, 4, 1, 51, 11090),
(1, 4, 1, 52, 11360),
(1, 4, 1, 53, 11530),
(1, 4, 1, 54, 11700),
(1, 4, 1, 55, 11970),
(1, 4, 1, 56, 12210),
(1, 4, 1, 57, 12320),
(1, 4, 1, 58, 12580),
(1, 4, 1, 59, 12820),
(1, 4, 1, 60, 13040),
(1, 4, 1, 61, 13100),
(1, 4, 1, 62, 13380),
(1, 4, 1, 63, 13630),
(1, 4, 1, 64, 13830),
(1, 4, 1, 65, 14040),
(1, 4, 1, 66, 14290),
(1, 4, 1, 67, 14430),
(1, 4, 1, 68, 14820),
(1, 4, 1, 69, 14890),
(1, 4, 1, 70, 15150),
(1, 4, 1, 71, 15320),
(1, 4, 1, 72, 15560),
(1, 4, 1, 73, 15870),
(1, 4, 1, 74, 16020),
(1, 4, 1, 75, 16180),
(1, 4, 1, 76, 16400),
(1, 4, 1, 77, 16620),
(1, 4, 1, 78, 16910),
(1, 4, 1, 79, 17010),
(1, 4, 1, 80, 17290),
(1, 4, 1, 81, 17630),
(1, 4, 1, 82, 17800),
(1, 4, 1, 83, 18040),
(1, 4, 1, 84, 18220),
(1, 4, 1, 85, 18470),
(1, 4, 1, 86, 18660),
(1, 4, 1, 87, 18900),
(1, 4, 1, 88, 19140),
(1, 4, 1, 89, 19210),
(1, 4, 1, 90, 19490),
(1, 4, 1, 91, 19710),
(1, 4, 1, 92, 19990),
(1, 4, 1, 93, 20190),
(1, 4, 1, 94, 20270),
(1, 4, 1, 95, 20570),
(1, 4, 1, 96, 20750),
(1, 4, 1, 97, 20960),
(1, 4, 1, 98, 21230),
(1, 4, 1, 99, 21330),
(1, 4, 1, 100, 21510),
(1, 4, 3, 1, 7040),
(1, 4, 3, 2, 7040),
(1, 4, 3, 3, 7040),
(1, 4, 3, 4, 8150),
(1, 4, 3, 5, 8890),
(1, 4, 3, 6, 9540),
(1, 4, 3, 7, 10270),
(1, 4, 3, 8, 11310),
(1, 4, 3, 9, 12050),
(1, 4, 3, 10, 12420),
(1, 4, 3, 11, 14650),
(1, 4, 3, 12, 14940),
(1, 4, 3, 13, 15290),
(1, 4, 3, 14, 15700),
(1, 4, 3, 15, 15700),
(1, 4, 3, 16, 19260),
(1, 4, 3, 17, 19710),
(1, 4, 3, 18, 19710),
(1, 4, 3, 19, 20030),
(1, 4, 3, 20, 20400),
(1, 4, 3, 21, 20790),
(1, 4, 3, 22, 21140),
(1, 4, 3, 23, 21140),
(1, 4, 3, 24, 21390),
(1, 4, 3, 25, 21460),
(1, 4, 3, 26, 21590),
(1, 4, 3, 27, 21590),
(1, 4, 3, 28, 21910),
(1, 4, 3, 29, 21910),
(1, 4, 3, 30, 22300),
(1, 4, 3, 31, 22590),
(1, 4, 3, 32, 22590),
(1, 4, 3, 33, 22820),
(1, 4, 3, 34, 22960),
(1, 4, 3, 35, 23560),
(1, 4, 3, 36, 23730),
(1, 4, 3, 37, 23810),
(1, 4, 3, 38, 24450),
(1, 4, 3, 39, 24570),
(1, 4, 3, 40, 25290),
(1, 4, 3, 41, 25910),
(1, 4, 3, 42, 26400),
(1, 4, 3, 43, 27170),
(1, 4, 3, 44, 27540),
(1, 4, 3, 45, 28300),
(1, 4, 3, 46, 28640),
(1, 4, 3, 47, 28920),
(1, 4, 3, 48, 29730),
(1, 4, 3, 49, 30300),
(1, 4, 3, 50, 31120),
(1, 4, 3, 51, 31630),
(1, 4, 3, 52, 32400),
(1, 4, 3, 53, 32900),
(1, 4, 3, 54, 33370),
(1, 4, 3, 55, 34130),
(1, 4, 3, 56, 34780),
(1, 4, 3, 57, 35120),
(1, 4, 3, 58, 35910),
(1, 4, 3, 59, 36540),
(1, 4, 3, 60, 37170),
(1, 4, 3, 61, 37350),
(1, 4, 3, 62, 38130),
(1, 4, 3, 63, 38870),
(1, 4, 3, 64, 39420),
(1, 4, 3, 65, 40010),
(1, 4, 3, 66, 40730),
(1, 4, 3, 67, 41140),
(1, 4, 3, 68, 42230),
(1, 4, 3, 69, 42480),
(1, 4, 3, 70, 43170),
(1, 4, 3, 71, 43690),
(1, 4, 3, 72, 44400),
(1, 4, 3, 73, 45250),
(1, 4, 3, 74, 45670),
(1, 4, 3, 75, 46100),
(1, 4, 3, 76, 46750),
(1, 4, 3, 77, 47390),
(1, 4, 3, 78, 48210),
(1, 4, 3, 79, 48480),
(1, 4, 3, 80, 49320),
(1, 4, 3, 81, 50250),
(1, 4, 3, 82, 50750),
(1, 4, 3, 83, 51440),
(1, 4, 3, 84, 51930),
(1, 4, 3, 85, 52670),
(1, 4, 3, 86, 53150),
(1, 4, 3, 87, 53890),
(1, 4, 3, 88, 54540),
(1, 4, 3, 89, 54770),
(1, 4, 3, 90, 55570),
(1, 4, 3, 91, 56160),
(1, 4, 3, 92, 56990),
(1, 4, 3, 93, 57540),
(1, 4, 3, 94, 57810),
(1, 4, 3, 95, 58630),
(1, 4, 3, 96, 59130),
(1, 4, 3, 97, 59740),
(1, 4, 3, 98, 60510),
(1, 4, 3, 99, 60800),
(1, 4, 3, 100, 61340),
(1, 4, 6, 1, 13370),
(1, 4, 6, 2, 13370),
(1, 4, 6, 3, 13370),
(1, 4, 6, 4, 15450),
(1, 4, 6, 5, 16830),
(1, 4, 6, 6, 18090),
(1, 4, 6, 7, 19450),
(1, 4, 6, 8, 21430),
(1, 4, 6, 9, 22820),
(1, 4, 6, 10, 23520),
(1, 4, 6, 11, 27740),
(1, 4, 6, 12, 28330),
(1, 4, 6, 13, 28980),
(1, 4, 6, 14, 29720),
(1, 4, 6, 15, 29720),
(1, 4, 6, 16, 36530),
(1, 4, 6, 17, 37310),
(1, 4, 6, 18, 37310),
(1, 4, 6, 19, 37960),
(1, 4, 6, 20, 38650),
(1, 4, 6, 21, 39400),
(1, 4, 6, 22, 40040),
(1, 4, 6, 23, 40040),
(1, 4, 6, 24, 40530),
(1, 4, 6, 25, 40680),
(1, 4, 6, 26, 40900),
(1, 4, 6, 27, 40900),
(1, 4, 6, 28, 41540),
(1, 4, 6, 29, 41540),
(1, 4, 6, 30, 42220),
(1, 4, 6, 31, 42840),
(1, 4, 6, 32, 42840),
(1, 4, 6, 33, 43240),
(1, 4, 6, 34, 43520),
(1, 4, 6, 35, 44630),
(1, 4, 6, 36, 44960),
(1, 4, 6, 37, 45120),
(1, 4, 6, 38, 46350),
(1, 4, 6, 39, 46560),
(1, 4, 6, 40, 47900),
(1, 4, 6, 41, 49080),
(1, 4, 6, 42, 50040),
(1, 4, 6, 43, 51480),
(1, 4, 6, 44, 52170),
(1, 4, 6, 45, 53630),
(1, 4, 6, 46, 54260),
(1, 4, 6, 47, 54800),
(1, 4, 6, 48, 56350),
(1, 4, 6, 49, 57420),
(1, 4, 6, 50, 58970),
(1, 4, 6, 51, 59940),
(1, 4, 6, 52, 61420),
(1, 4, 6, 53, 62340),
(1, 4, 6, 54, 63260),
(1, 4, 6, 55, 64690),
(1, 4, 6, 56, 65920),
(1, 4, 6, 57, 66550),
(1, 4, 6, 58, 67990),
(1, 4, 6, 59, 69230),
(1, 4, 6, 60, 70390),
(1, 4, 6, 61, 70790),
(1, 4, 6, 62, 72230),
(1, 4, 6, 63, 73620),
(1, 4, 6, 64, 74680),
(1, 4, 6, 65, 75810),
(1, 4, 6, 66, 77200),
(1, 4, 6, 67, 77940),
(1, 4, 6, 68, 80040),
(1, 4, 6, 69, 80460),
(1, 4, 6, 70, 81790),
(1, 4, 6, 71, 82800),
(1, 4, 6, 72, 84100),
(1, 4, 6, 73, 85750),
(1, 4, 6, 74, 86550),
(1, 4, 6, 75, 87350),
(1, 4, 6, 76, 88570),
(1, 4, 6, 77, 89750),
(1, 4, 6, 78, 91370),
(1, 4, 6, 79, 91850),
(1, 4, 6, 80, 93450),
(1, 4, 6, 81, 95220),
(1, 4, 6, 82, 96120),
(1, 4, 6, 83, 97460),
(1, 4, 6, 84, 98420),
(1, 4, 6, 85, 99810),
(1, 4, 6, 86, 100710),
(1, 4, 6, 87, 102090),
(1, 4, 6, 88, 103340),
(1, 4, 6, 89, 103770),
(1, 4, 6, 90, 105310),
(1, 4, 6, 91, 106450),
(1, 4, 6, 92, 107980),
(1, 4, 6, 93, 109040),
(1, 4, 6, 94, 109530),
(1, 4, 6, 95, 111090),
(1, 4, 6, 96, 112050),
(1, 4, 6, 97, 113180),
(1, 4, 6, 98, 114660),
(1, 4, 6, 99, 115200),
(1, 4, 6, 100, 116220),
(1, 5, 1, 1, 1930),
(1, 5, 1, 2, 1930),
(1, 5, 1, 3, 1930),
(1, 5, 1, 4, 2230),
(1, 5, 1, 5, 2410),
(1, 5, 1, 6, 2600),
(1, 5, 1, 7, 2800),
(1, 5, 1, 8, 3080),
(1, 5, 1, 9, 3290),
(1, 5, 1, 10, 3380),
(1, 5, 1, 11, 3990),
(1, 5, 1, 12, 4080),
(1, 5, 1, 13, 4170),
(1, 5, 1, 14, 4280),
(1, 5, 1, 15, 4280),
(1, 5, 1, 16, 5250),
(1, 5, 1, 17, 5370),
(1, 5, 1, 18, 5370),
(1, 5, 1, 19, 5460),
(1, 5, 1, 20, 5560),
(1, 5, 1, 21, 5670),
(1, 5, 1, 22, 5760),
(1, 5, 1, 23, 5760),
(1, 5, 1, 24, 5830),
(1, 5, 1, 25, 5850),
(1, 5, 1, 26, 5880),
(1, 5, 1, 27, 5880),
(1, 5, 1, 28, 5980),
(1, 5, 1, 29, 5980),
(1, 5, 1, 30, 6090),
(1, 5, 1, 31, 6160),
(1, 5, 1, 32, 6160),
(1, 5, 1, 33, 6220),
(1, 5, 1, 34, 6250),
(1, 5, 1, 35, 6430),
(1, 5, 1, 36, 6470),
(1, 5, 1, 37, 6490),
(1, 5, 1, 38, 6670),
(1, 5, 1, 39, 6690),
(1, 5, 1, 40, 6900),
(1, 5, 1, 41, 7070),
(1, 5, 1, 42, 7210),
(1, 5, 1, 43, 7410),
(1, 5, 1, 44, 7510),
(1, 5, 1, 45, 7720),
(1, 5, 1, 46, 7800),
(1, 5, 1, 47, 7900),
(1, 5, 1, 48, 8120),
(1, 5, 1, 49, 8260),
(1, 5, 1, 50, 8490),
(1, 5, 1, 51, 8630),
(1, 5, 1, 52, 8840),
(1, 5, 1, 53, 8970),
(1, 5, 1, 54, 9100),
(1, 5, 1, 55, 9310),
(1, 5, 1, 56, 9490),
(1, 5, 1, 57, 9580),
(1, 5, 1, 58, 9780),
(1, 5, 1, 59, 9970),
(1, 5, 1, 60, 10140),
(1, 5, 1, 61, 10190),
(1, 5, 1, 62, 10400),
(1, 5, 1, 63, 10600),
(1, 5, 1, 64, 10750),
(1, 5, 1, 65, 10920),
(1, 5, 1, 66, 11110),
(1, 5, 1, 67, 11220),
(1, 5, 1, 68, 11520),
(1, 5, 1, 69, 11580),
(1, 5, 1, 70, 11780),
(1, 5, 1, 71, 11920),
(1, 5, 1, 72, 12100),
(1, 5, 1, 73, 12340),
(1, 5, 1, 74, 12460),
(1, 5, 1, 75, 12580),
(1, 5, 1, 76, 12760),
(1, 5, 1, 77, 12920),
(1, 5, 1, 78, 13150),
(1, 5, 1, 79, 13230),
(1, 5, 1, 80, 13450),
(1, 5, 1, 81, 13710),
(1, 5, 1, 82, 13840),
(1, 5, 1, 83, 14030),
(1, 5, 1, 84, 14170),
(1, 5, 1, 85, 14370),
(1, 5, 1, 86, 14510),
(1, 5, 1, 87, 14700),
(1, 5, 1, 88, 14880),
(1, 5, 1, 89, 14940),
(1, 5, 1, 90, 15160),
(1, 5, 1, 91, 15330),
(1, 5, 1, 92, 15550),
(1, 5, 1, 93, 15700),
(1, 5, 1, 94, 15770),
(1, 5, 1, 95, 16000),
(1, 5, 1, 96, 16140),
(1, 5, 1, 97, 16300),
(1, 5, 1, 98, 16510),
(1, 5, 1, 99, 16590),
(1, 5, 1, 100, 16730),
(1, 5, 3, 1, 5480),
(1, 5, 3, 2, 5480),
(1, 5, 3, 3, 5480),
(1, 5, 3, 4, 6340),
(1, 5, 3, 5, 6910),
(1, 5, 3, 6, 7420),
(1, 5, 3, 7, 7990),
(1, 5, 3, 8, 8790),
(1, 5, 3, 9, 9370),
(1, 5, 3, 10, 9660),
(1, 5, 3, 11, 11390),
(1, 5, 3, 12, 11620),
(1, 5, 3, 13, 11890),
(1, 5, 3, 14, 12210),
(1, 5, 3, 15, 12210),
(1, 5, 3, 16, 14980),
(1, 5, 3, 17, 15330),
(1, 5, 3, 18, 15330),
(1, 5, 3, 19, 15580),
(1, 5, 3, 20, 15860),
(1, 5, 3, 21, 16170),
(1, 5, 3, 22, 16440),
(1, 5, 3, 23, 16440),
(1, 5, 3, 24, 16630),
(1, 5, 3, 25, 16690),
(1, 5, 3, 26, 16790),
(1, 5, 3, 27, 16790),
(1, 5, 3, 28, 17040),
(1, 5, 3, 29, 17040),
(1, 5, 3, 30, 17340),
(1, 5, 3, 31, 17570),
(1, 5, 3, 32, 17570),
(1, 5, 3, 33, 17750),
(1, 5, 3, 34, 17860),
(1, 5, 3, 35, 18320),
(1, 5, 3, 36, 18450),
(1, 5, 3, 37, 18520),
(1, 5, 3, 38, 19010),
(1, 5, 3, 39, 19110),
(1, 5, 3, 40, 19670),
(1, 5, 3, 41, 20150),
(1, 5, 3, 42, 20530),
(1, 5, 3, 43, 21130),
(1, 5, 3, 44, 21420),
(1, 5, 3, 45, 22010),
(1, 5, 3, 46, 22280),
(1, 5, 3, 47, 22490),
(1, 5, 3, 48, 23120),
(1, 5, 3, 49, 23560),
(1, 5, 3, 50, 24200),
(1, 5, 3, 51, 24600),
(1, 5, 3, 52, 25200),
(1, 5, 3, 53, 25590),
(1, 5, 3, 54, 25950),
(1, 5, 3, 55, 26550),
(1, 5, 3, 56, 27050),
(1, 5, 3, 57, 27320),
(1, 5, 3, 58, 27930),
(1, 5, 3, 59, 28420),
(1, 5, 3, 60, 28910),
(1, 5, 3, 61, 29050),
(1, 5, 3, 62, 29650),
(1, 5, 3, 63, 30230),
(1, 5, 3, 64, 30660),
(1, 5, 3, 65, 31120),
(1, 5, 3, 66, 31680),
(1, 5, 3, 67, 32000),
(1, 5, 3, 68, 32850),
(1, 5, 3, 69, 33040),
(1, 5, 3, 70, 33570),
(1, 5, 3, 71, 33980),
(1, 5, 3, 72, 34530),
(1, 5, 3, 73, 35190),
(1, 5, 3, 74, 35520),
(1, 5, 3, 75, 35860),
(1, 5, 3, 76, 36360),
(1, 5, 3, 77, 36860),
(1, 5, 3, 78, 37490),
(1, 5, 3, 79, 37700),
(1, 5, 3, 80, 38360),
(1, 5, 3, 81, 39080),
(1, 5, 3, 82, 39470),
(1, 5, 3, 83, 40010),
(1, 5, 3, 84, 40390),
(1, 5, 3, 85, 40970),
(1, 5, 3, 86, 41340),
(1, 5, 3, 87, 41910),
(1, 5, 3, 88, 42420),
(1, 5, 3, 89, 42600),
(1, 5, 3, 90, 43220),
(1, 5, 3, 91, 43680),
(1, 5, 3, 92, 44330),
(1, 5, 3, 93, 44750),
(1, 5, 3, 94, 44960),
(1, 5, 3, 95, 45600),
(1, 5, 3, 96, 45990),
(1, 5, 3, 97, 46460),
(1, 5, 3, 98, 47060),
(1, 5, 3, 99, 47290),
(1, 5, 3, 100, 47710),
(1, 5, 6, 1, 10400),
(1, 5, 6, 2, 10400),
(1, 5, 6, 3, 10400),
(1, 5, 6, 4, 12010),
(1, 5, 6, 5, 13090),
(1, 5, 6, 6, 14070),
(1, 5, 6, 7, 15130),
(1, 5, 6, 8, 16670),
(1, 5, 6, 9, 17750),
(1, 5, 6, 10, 18290),
(1, 5, 6, 11, 21580),
(1, 5, 6, 12, 22030),
(1, 5, 6, 13, 22540),
(1, 5, 6, 14, 23120),
(1, 5, 6, 15, 23120),
(1, 5, 6, 16, 28410),
(1, 5, 6, 17, 29020),
(1, 5, 6, 18, 29020),
(1, 5, 6, 19, 29520),
(1, 5, 6, 20, 30060),
(1, 5, 6, 21, 30640),
(1, 5, 6, 22, 31140),
(1, 5, 6, 23, 31140),
(1, 5, 6, 24, 31520),
(1, 5, 6, 25, 31640),
(1, 5, 6, 26, 31810),
(1, 5, 6, 27, 31810),
(1, 5, 6, 28, 32310),
(1, 5, 6, 29, 32310),
(1, 5, 6, 30, 32840),
(1, 5, 6, 31, 33320),
(1, 5, 6, 32, 33320),
(1, 5, 6, 33, 33630),
(1, 5, 6, 34, 33850),
(1, 5, 6, 35, 34710),
(1, 5, 6, 36, 34970),
(1, 5, 6, 37, 35090),
(1, 5, 6, 38, 36050),
(1, 5, 6, 39, 36210),
(1, 5, 6, 40, 37260),
(1, 5, 6, 41, 38170),
(1, 5, 6, 42, 38920),
(1, 5, 6, 43, 40040),
(1, 5, 6, 44, 40570),
(1, 5, 6, 45, 41710),
(1, 5, 6, 46, 42200),
(1, 5, 6, 47, 42620),
(1, 5, 6, 48, 43830),
(1, 5, 6, 49, 44660),
(1, 5, 6, 50, 45870),
(1, 5, 6, 51, 46620),
(1, 5, 6, 52, 47770),
(1, 5, 6, 53, 48480),
(1, 5, 6, 54, 49200),
(1, 5, 6, 55, 50310),
(1, 5, 6, 56, 51270),
(1, 5, 6, 57, 51760),
(1, 5, 6, 58, 52880),
(1, 5, 6, 59, 53850),
(1, 5, 6, 60, 54750),
(1, 5, 6, 61, 55060),
(1, 5, 6, 62, 56180),
(1, 5, 6, 63, 57260),
(1, 5, 6, 64, 58080),
(1, 5, 6, 65, 58960),
(1, 5, 6, 66, 60040),
(1, 5, 6, 67, 60620),
(1, 5, 6, 68, 62250),
(1, 5, 6, 69, 62580),
(1, 5, 6, 70, 63610),
(1, 5, 6, 71, 64400),
(1, 5, 6, 72, 65410),
(1, 5, 6, 73, 66690),
(1, 5, 6, 74, 67310),
(1, 5, 6, 75, 67940),
(1, 5, 6, 76, 68890),
(1, 5, 6, 77, 69810),
(1, 5, 6, 78, 71070),
(1, 5, 6, 79, 71440),
(1, 5, 6, 80, 72680),
(1, 5, 6, 81, 74060),
(1, 5, 6, 82, 74760),
(1, 5, 6, 83, 75800),
(1, 5, 6, 84, 76550),
(1, 5, 6, 85, 77630),
(1, 5, 6, 86, 78330),
(1, 5, 6, 87, 79400),
(1, 5, 6, 88, 80380),
(1, 5, 6, 89, 80710),
(1, 5, 6, 90, 81910),
(1, 5, 6, 91, 82790),
(1, 5, 6, 92, 83980),
(1, 5, 6, 93, 84810),
(1, 5, 6, 94, 85190),
(1, 5, 6, 95, 86400),
(1, 5, 6, 96, 87150),
(1, 5, 6, 97, 88030),
(1, 5, 6, 98, 89180),
(1, 5, 6, 99, 89600),
(1, 5, 6, 100, 90390),
(2, 1, 1, 1, 4290),
(2, 1, 1, 2, 4820),
(2, 1, 1, 3, 5300),
(2, 1, 1, 4, 5710),
(2, 1, 1, 5, 6370),
(2, 1, 1, 6, 6790),
(2, 1, 1, 7, 6930),
(2, 1, 1, 8, 7740),
(2, 1, 1, 9, 8160),
(2, 1, 1, 10, 8260),
(2, 1, 1, 11, 9250),
(2, 1, 1, 12, 9680),
(2, 1, 1, 13, 10010),
(2, 1, 1, 14, 10270),
(2, 1, 1, 15, 10350),
(2, 1, 1, 16, 11130),
(2, 1, 1, 17, 11660),
(2, 1, 1, 18, 12100),
(2, 1, 1, 19, 12400),
(2, 1, 1, 20, 12620),
(2, 1, 1, 21, 13050),
(2, 1, 1, 22, 13420),
(2, 1, 1, 23, 13750),
(2, 1, 1, 24, 13960),
(2, 1, 1, 25, 14110),
(2, 1, 1, 26, 14490),
(2, 1, 1, 27, 14810),
(2, 1, 1, 28, 15090),
(2, 1, 1, 29, 15290),
(2, 1, 1, 30, 15460),
(2, 1, 1, 31, 15550),
(2, 1, 1, 32, 15650),
(2, 1, 1, 33, 15760),
(2, 1, 1, 34, 15860),
(2, 1, 1, 35, 15970),
(2, 1, 1, 36, 16080),
(2, 1, 1, 37, 16180),
(2, 1, 1, 38, 16280),
(2, 1, 1, 39, 16380),
(2, 1, 1, 40, 16500),
(2, 1, 1, 41, 16590),
(2, 1, 1, 42, 16680),
(2, 1, 1, 43, 16770),
(2, 1, 1, 44, 16870),
(2, 1, 1, 45, 16960),
(2, 1, 1, 46, 17060),
(2, 1, 1, 47, 17150),
(2, 1, 1, 48, 17250),
(2, 1, 1, 49, 17340),
(2, 1, 1, 50, 17430),
(2, 1, 1, 51, 17510),
(2, 1, 1, 52, 17610),
(2, 1, 1, 53, 17690),
(2, 1, 1, 54, 17770),
(2, 1, 1, 55, 17850),
(2, 1, 1, 56, 17940),
(2, 1, 1, 57, 18020),
(2, 1, 1, 58, 18100),
(2, 1, 1, 59, 18190),
(2, 1, 1, 60, 18270),
(2, 1, 1, 61, 18350),
(2, 1, 1, 62, 18430),
(2, 1, 1, 63, 18510),
(2, 1, 1, 64, 18590),
(2, 1, 1, 65, 18680),
(2, 1, 1, 66, 18770),
(2, 1, 1, 67, 18850),
(2, 1, 1, 68, 18930),
(2, 1, 1, 69, 19020),
(2, 1, 1, 70, 19100),
(2, 1, 1, 71, 19180),
(2, 1, 1, 72, 19270),
(2, 1, 1, 73, 19360),
(2, 1, 1, 74, 19440),
(2, 1, 1, 75, 19520),
(2, 1, 1, 76, 19600),
(2, 1, 1, 77, 19680),
(2, 1, 1, 78, 19770),
(2, 1, 1, 79, 19860),
(2, 1, 1, 80, 19940),
(2, 1, 1, 81, 20020),
(2, 1, 1, 82, 20110),
(2, 1, 1, 83, 20190),
(2, 1, 1, 84, 20270),
(2, 1, 1, 85, 20360),
(2, 1, 1, 86, 20440),
(2, 1, 1, 87, 20530),
(2, 1, 1, 88, 20610),
(2, 1, 1, 89, 20690),
(2, 1, 1, 90, 20770),
(2, 1, 1, 91, 20860),
(2, 1, 1, 92, 20950),
(2, 1, 1, 93, 21030),
(2, 1, 1, 94, 21110),
(2, 1, 1, 95, 21200),
(2, 1, 1, 96, 21280),
(2, 1, 1, 97, 21360),
(2, 1, 1, 98, 21450),
(2, 1, 1, 99, 21530),
(2, 1, 1, 100, 21620),
(2, 1, 3, 1, 12230),
(2, 1, 3, 2, 13740),
(2, 1, 3, 3, 15110),
(2, 1, 3, 4, 16280),
(2, 1, 3, 5, 18160),
(2, 1, 3, 6, 19360),
(2, 1, 3, 7, 19760),
(2, 1, 3, 8, 22060),
(2, 1, 3, 9, 23260),
(2, 1, 3, 10, 23550),
(2, 1, 3, 11, 26370),
(2, 1, 3, 12, 27590),
(2, 1, 3, 13, 28530),
(2, 1, 3, 14, 29270),
(2, 1, 3, 15, 29500),
(2, 1, 3, 16, 31730),
(2, 1, 3, 17, 33240),
(2, 1, 3, 18, 34490),
(2, 1, 3, 19, 35340),
(2, 1, 3, 20, 35970),
(2, 1, 3, 21, 37200),
(2, 1, 3, 22, 38250),
(2, 1, 3, 23, 39190),
(2, 1, 3, 24, 39790),
(2, 1, 3, 25, 40220),
(2, 1, 3, 26, 41300),
(2, 1, 3, 27, 42210),
(2, 1, 3, 28, 43010),
(2, 1, 3, 29, 43580),
(2, 1, 3, 30, 44070),
(2, 1, 3, 31, 44320),
(2, 1, 3, 32, 44610),
(2, 1, 3, 33, 44920),
(2, 1, 3, 34, 45210),
(2, 1, 3, 35, 45520),
(2, 1, 3, 36, 45830),
(2, 1, 3, 37, 46120),
(2, 1, 3, 38, 46400),
(2, 1, 3, 39, 46690),
(2, 1, 3, 40, 47030),
(2, 1, 3, 41, 47290),
(2, 1, 3, 42, 47540),
(2, 1, 3, 43, 47800),
(2, 1, 3, 44, 48080),
(2, 1, 3, 45, 48340),
(2, 1, 3, 46, 48630),
(2, 1, 3, 47, 48880),
(2, 1, 3, 48, 49170),
(2, 1, 3, 49, 49420),
(2, 1, 3, 50, 49680),
(2, 1, 3, 51, 49910),
(2, 1, 3, 52, 50190),
(2, 1, 3, 53, 50420),
(2, 1, 3, 54, 50650),
(2, 1, 3, 55, 50880),
(2, 1, 3, 56, 51130),
(2, 1, 3, 57, 51360),
(2, 1, 3, 58, 51590),
(2, 1, 3, 59, 51850),
(2, 1, 3, 60, 52070),
(2, 1, 3, 61, 52300),
(2, 1, 3, 62, 52530),
(2, 1, 3, 63, 52760),
(2, 1, 3, 64, 52990),
(2, 1, 3, 65, 53240),
(2, 1, 3, 66, 53500),
(2, 1, 3, 67, 53730),
(2, 1, 3, 68, 53960),
(2, 1, 3, 69, 54210),
(2, 1, 3, 70, 54440),
(2, 1, 3, 71, 54670),
(2, 1, 3, 72, 54920),
(2, 1, 3, 73, 55180),
(2, 1, 3, 74, 55410),
(2, 1, 3, 75, 55640),
(2, 1, 3, 76, 55860),
(2, 1, 3, 77, 56090),
(2, 1, 3, 78, 56350),
(2, 1, 3, 79, 56610),
(2, 1, 3, 80, 56830),
(2, 1, 3, 81, 57060),
(2, 1, 3, 82, 57320),
(2, 1, 3, 83, 57550),
(2, 1, 3, 84, 57770),
(2, 1, 3, 85, 58030),
(2, 1, 3, 86, 58260),
(2, 1, 3, 87, 58520),
(2, 1, 3, 88, 58740),
(2, 1, 3, 89, 58970),
(2, 1, 3, 90, 59200),
(2, 1, 3, 91, 59460),
(2, 1, 3, 92, 59710),
(2, 1, 3, 93, 59940),
(2, 1, 3, 94, 60170),
(2, 1, 3, 95, 60420),
(2, 1, 3, 96, 60650),
(2, 1, 3, 97, 60880),
(2, 1, 3, 98, 61140),
(2, 1, 3, 99, 61370),
(2, 1, 3, 100, 61620),
(2, 1, 6, 1, 23170),
(2, 1, 6, 2, 26030),
(2, 1, 6, 3, 28620),
(2, 1, 6, 4, 30840),
(2, 1, 6, 5, 34400),
(2, 1, 6, 6, 36670),
(2, 1, 6, 7, 37430),
(2, 1, 6, 8, 41800),
(2, 1, 6, 9, 44070),
(2, 1, 6, 10, 44610),
(2, 1, 6, 11, 49950),
(2, 1, 6, 12, 52280),
(2, 1, 6, 13, 54060),
(2, 1, 6, 14, 55460),
(2, 1, 6, 15, 55890),
(2, 1, 6, 16, 60110),
(2, 1, 6, 17, 62970),
(2, 1, 6, 18, 65340),
(2, 1, 6, 19, 66960),
(2, 1, 6, 20, 68150),
(2, 1, 6, 21, 70470),
(2, 1, 6, 22, 72470),
(2, 1, 6, 23, 74250),
(2, 1, 6, 24, 75390),
(2, 1, 6, 25, 76200),
(2, 1, 6, 26, 78250),
(2, 1, 6, 27, 79980),
(2, 1, 6, 28, 81490),
(2, 1, 6, 29, 82570),
(2, 1, 6, 30, 83490),
(2, 1, 6, 31, 83970),
(2, 1, 6, 32, 84510),
(2, 1, 6, 33, 85110),
(2, 1, 6, 34, 85650),
(2, 1, 6, 35, 86240),
(2, 1, 6, 36, 86840),
(2, 1, 6, 37, 87380),
(2, 1, 6, 38, 87920),
(2, 1, 6, 39, 88460),
(2, 1, 6, 40, 89100),
(2, 1, 6, 41, 89590),
(2, 1, 6, 42, 90080),
(2, 1, 6, 43, 90560),
(2, 1, 6, 44, 91100),
(2, 1, 6, 45, 91590),
(2, 1, 6, 46, 92130),
(2, 1, 6, 47, 92610),
(2, 1, 6, 48, 93150),
(2, 1, 6, 49, 93640),
(2, 1, 6, 50, 94130),
(2, 1, 6, 51, 94560),
(2, 1, 6, 52, 95100),
(2, 1, 6, 53, 95530),
(2, 1, 6, 54, 95960),
(2, 1, 6, 55, 96390),
(2, 1, 6, 56, 96880),
(2, 1, 6, 57, 97310),
(2, 1, 6, 58, 97740),
(2, 1, 6, 59, 98230),
(2, 1, 6, 60, 98660),
(2, 1, 6, 61, 99090),
(2, 1, 6, 62, 99530),
(2, 1, 6, 63, 99960),
(2, 1, 6, 64, 100390),
(2, 1, 6, 65, 100880),
(2, 1, 6, 66, 101360),
(2, 1, 6, 67, 101790),
(2, 1, 6, 68, 102230),
(2, 1, 6, 69, 102710),
(2, 1, 6, 70, 103140),
(2, 1, 6, 71, 103580),
(2, 1, 6, 72, 104060),
(2, 1, 6, 73, 104550),
(2, 1, 6, 74, 104980),
(2, 1, 6, 75, 105410),
(2, 1, 6, 76, 105840),
(2, 1, 6, 77, 106280),
(2, 1, 6, 78, 106760),
(2, 1, 6, 79, 107250),
(2, 1, 6, 80, 107680),
(2, 1, 6, 81, 108110),
(2, 1, 6, 82, 108600),
(2, 1, 6, 83, 109030),
(2, 1, 6, 84, 109460),
(2, 1, 6, 85, 109950),
(2, 1, 6, 86, 110380),
(2, 1, 6, 87, 110870),
(2, 1, 6, 88, 111300),
(2, 1, 6, 89, 111730),
(2, 1, 6, 90, 112160),
(2, 1, 6, 91, 112650),
(2, 1, 6, 92, 113130),
(2, 1, 6, 93, 113570),
(2, 1, 6, 94, 114000),
(2, 1, 6, 95, 114480),
(2, 1, 6, 96, 114920),
(2, 1, 6, 97, 115350),
(2, 1, 6, 98, 115830),
(2, 1, 6, 99, 116270),
(2, 1, 6, 100, 116750),
(2, 2, 1, 1, 1340),
(2, 2, 1, 2, 1620),
(2, 2, 1, 3, 1880),
(2, 2, 1, 4, 2150),
(2, 2, 1, 5, 2420),
(2, 2, 1, 6, 2650),
(2, 2, 1, 7, 2850),
(2, 2, 1, 8, 3070),
(2, 2, 1, 9, 3220),
(2, 2, 1, 10, 3390),
(2, 2, 1, 11, 3540),
(2, 2, 1, 12, 3720),
(2, 2, 1, 13, 3820),
(2, 2, 1, 14, 3920),
(2, 2, 1, 15, 4040),
(2, 2, 1, 16, 4110),
(2, 2, 1, 17, 4190),
(2, 2, 1, 18, 4250),
(2, 2, 1, 19, 4320),
(2, 2, 1, 20, 4410),
(2, 2, 1, 21, 4450),
(2, 2, 1, 22, 4500),
(2, 2, 1, 23, 4550),
(2, 2, 1, 24, 4600),
(2, 2, 1, 25, 4650),
(2, 2, 1, 26, 4680),
(2, 2, 1, 27, 4710),
(2, 2, 1, 28, 4750),
(2, 2, 1, 29, 4780),
(2, 2, 1, 30, 4810),
(2, 2, 1, 31, 4840),
(2, 2, 1, 32, 4870),
(2, 2, 1, 33, 4900),
(2, 2, 1, 34, 4930),
(2, 2, 1, 35, 4970),
(2, 2, 1, 36, 5000),
(2, 2, 1, 37, 5030),
(2, 2, 1, 38, 5060),
(2, 2, 1, 39, 5090),
(2, 2, 1, 40, 5130),
(2, 2, 1, 41, 5160),
(2, 2, 1, 42, 5190),
(2, 2, 1, 43, 5220),
(2, 2, 1, 44, 5250),
(2, 2, 1, 45, 5280),
(2, 2, 1, 46, 5310),
(2, 2, 1, 47, 5330),
(2, 2, 1, 48, 5350),
(2, 2, 1, 49, 5370),
(2, 2, 1, 50, 5390),
(2, 2, 1, 51, 5410),
(2, 2, 1, 52, 5430),
(2, 2, 1, 53, 5450),
(2, 2, 1, 54, 5480),
(2, 2, 1, 55, 5510),
(2, 2, 1, 56, 5530),
(2, 2, 1, 57, 5550),
(2, 2, 1, 58, 5570),
(2, 2, 1, 59, 5590),
(2, 2, 1, 60, 5610),
(2, 2, 1, 61, 5630),
(2, 2, 1, 62, 5650),
(2, 2, 1, 63, 5670),
(2, 2, 1, 64, 5690),
(2, 2, 1, 65, 5710),
(2, 2, 1, 66, 5730),
(2, 2, 1, 67, 5750),
(2, 2, 1, 68, 5770),
(2, 2, 1, 69, 5790),
(2, 2, 1, 70, 5810),
(2, 2, 1, 71, 5840),
(2, 2, 1, 72, 5860),
(2, 2, 1, 73, 5880),
(2, 2, 1, 74, 5900),
(2, 2, 1, 75, 5920),
(2, 2, 1, 76, 5940),
(2, 2, 1, 77, 5960),
(2, 2, 1, 78, 5980),
(2, 2, 1, 79, 6000),
(2, 2, 1, 80, 6020),
(2, 2, 1, 81, 6050),
(2, 2, 1, 82, 6070),
(2, 2, 1, 83, 6090),
(2, 2, 1, 84, 6110),
(2, 2, 1, 85, 6130),
(2, 2, 1, 86, 6150),
(2, 2, 1, 87, 6170),
(2, 2, 1, 88, 6190),
(2, 2, 1, 89, 6220),
(2, 2, 1, 90, 6240),
(2, 2, 1, 91, 6260),
(2, 2, 1, 92, 6280),
(2, 2, 1, 93, 6300),
(2, 2, 1, 94, 6320),
(2, 2, 1, 95, 6340),
(2, 2, 1, 96, 6360),
(2, 2, 1, 97, 6380),
(2, 2, 1, 98, 6400),
(2, 2, 1, 99, 6420),
(2, 2, 1, 100, 6440),
(2, 2, 3, 1, 3820),
(2, 2, 3, 2, 4620),
(2, 2, 3, 3, 5360),
(2, 2, 3, 4, 6130),
(2, 2, 3, 5, 6900),
(2, 2, 3, 6, 7560),
(2, 2, 3, 7, 8130),
(2, 2, 3, 8, 8750),
(2, 2, 3, 9, 9180),
(2, 2, 3, 10, 9670),
(2, 2, 3, 11, 10090),
(2, 2, 3, 12, 10610),
(2, 2, 3, 13, 10890),
(2, 2, 3, 14, 11180),
(2, 2, 3, 15, 11520),
(2, 2, 3, 16, 11720),
(2, 2, 3, 17, 11950),
(2, 2, 3, 18, 12120),
(2, 2, 3, 19, 12320),
(2, 2, 3, 20, 12570),
(2, 2, 3, 21, 12690),
(2, 2, 3, 22, 12830),
(2, 2, 3, 23, 12970),
(2, 2, 3, 24, 13110),
(2, 2, 3, 25, 13260),
(2, 2, 3, 26, 13340),
(2, 2, 3, 27, 13430),
(2, 2, 3, 28, 13540),
(2, 2, 3, 29, 13630),
(2, 2, 3, 30, 13710),
(2, 2, 3, 31, 13800),
(2, 2, 3, 32, 13880),
(2, 2, 3, 33, 13970),
(2, 2, 3, 34, 14060),
(2, 2, 3, 35, 14170),
(2, 2, 3, 36, 14250),
(2, 2, 3, 37, 14340),
(2, 2, 3, 38, 14430),
(2, 2, 3, 39, 14510),
(2, 2, 3, 40, 14630),
(2, 2, 3, 41, 14710),
(2, 2, 3, 42, 14800),
(2, 2, 3, 43, 14880),
(2, 2, 3, 44, 14970),
(2, 2, 3, 45, 15050),
(2, 2, 3, 46, 15140),
(2, 2, 3, 47, 15200),
(2, 2, 3, 48, 15250),
(2, 2, 3, 49, 15310),
(2, 2, 3, 50, 15370),
(2, 2, 3, 51, 15420),
(2, 2, 3, 52, 15480),
(2, 2, 3, 53, 15540),
(2, 2, 3, 54, 15620),
(2, 2, 3, 55, 15710),
(2, 2, 3, 56, 15770),
(2, 2, 3, 57, 15820),
(2, 2, 3, 58, 15880),
(2, 2, 3, 59, 15940),
(2, 2, 3, 60, 15990),
(2, 2, 3, 61, 16050),
(2, 2, 3, 62, 16110),
(2, 2, 3, 63, 16160),
(2, 2, 3, 64, 16220),
(2, 2, 3, 65, 16280),
(2, 2, 3, 66, 16340),
(2, 2, 3, 67, 16390),
(2, 2, 3, 68, 16450),
(2, 2, 3, 69, 16510),
(2, 2, 3, 70, 16560),
(2, 2, 3, 71, 16650),
(2, 2, 3, 72, 16710),
(2, 2, 3, 73, 16760),
(2, 2, 3, 74, 16820),
(2, 2, 3, 75, 16880),
(2, 2, 3, 76, 16930),
(2, 2, 3, 77, 16990),
(2, 2, 3, 78, 17050),
(2, 2, 3, 79, 17100),
(2, 2, 3, 80, 17160),
(2, 2, 3, 81, 17250),
(2, 2, 3, 82, 17300),
(2, 2, 3, 83, 17360),
(2, 2, 3, 84, 17420),
(2, 2, 3, 85, 17480),
(2, 2, 3, 86, 17530),
(2, 2, 3, 87, 17590),
(2, 2, 3, 88, 17650),
(2, 2, 3, 89, 17730),
(2, 2, 3, 90, 17790),
(2, 2, 3, 91, 17850),
(2, 2, 3, 92, 17900),
(2, 2, 3, 93, 17960),
(2, 2, 3, 94, 18020),
(2, 2, 3, 95, 18070),
(2, 2, 3, 96, 18130),
(2, 2, 3, 97, 18190),
(2, 2, 3, 98, 18240),
(2, 2, 3, 99, 18300),
(2, 2, 3, 100, 18360),
(2, 2, 6, 1, 7240),
(2, 2, 6, 2, 8750),
(2, 2, 6, 3, 10160),
(2, 2, 6, 4, 11610),
(2, 2, 6, 5, 13070),
(2, 2, 6, 6, 14310),
(2, 2, 6, 7, 15390),
(2, 2, 6, 8, 16580),
(2, 2, 6, 9, 17390),
(2, 2, 6, 10, 18310),
(2, 2, 6, 11, 19120),
(2, 2, 6, 12, 20090),
(2, 2, 6, 13, 20630),
(2, 2, 6, 14, 21170),
(2, 2, 6, 15, 21820),
(2, 2, 6, 16, 22200),
(2, 2, 6, 17, 22630),
(2, 2, 6, 18, 22950),
(2, 2, 6, 19, 23330),
(2, 2, 6, 20, 23820),
(2, 2, 6, 21, 24030),
(2, 2, 6, 22, 24300),
(2, 2, 6, 23, 24570),
(2, 2, 6, 24, 24840),
(2, 2, 6, 25, 25110),
(2, 2, 6, 26, 25280),
(2, 2, 6, 27, 25440),
(2, 2, 6, 28, 25650),
(2, 2, 6, 29, 25820),
(2, 2, 6, 30, 25980),
(2, 2, 6, 31, 26140),
(2, 2, 6, 32, 26300),
(2, 2, 6, 33, 26460),
(2, 2, 6, 34, 26630),
(2, 2, 6, 35, 26840),
(2, 2, 6, 36, 27000),
(2, 2, 6, 37, 27170),
(2, 2, 6, 38, 27330),
(2, 2, 6, 39, 27490),
(2, 2, 6, 40, 27710),
(2, 2, 6, 41, 27870),
(2, 2, 6, 42, 28030),
(2, 2, 6, 43, 28190),
(2, 2, 6, 44, 28350),
(2, 2, 6, 45, 28520),
(2, 2, 6, 46, 28680),
(2, 2, 6, 47, 28790),
(2, 2, 6, 48, 28890),
(2, 2, 6, 49, 29000),
(2, 2, 6, 50, 29110),
(2, 2, 6, 51, 29220),
(2, 2, 6, 52, 29330),
(2, 2, 6, 53, 29430),
(2, 2, 6, 54, 29600),
(2, 2, 6, 55, 29760),
(2, 2, 6, 56, 29870),
(2, 2, 6, 57, 29970),
(2, 2, 6, 58, 30080),
(2, 2, 6, 59, 30190),
(2, 2, 6, 60, 30300),
(2, 2, 6, 61, 30410),
(2, 2, 6, 62, 30510),
(2, 2, 6, 63, 30620),
(2, 2, 6, 64, 30730),
(2, 2, 6, 65, 30840),
(2, 2, 6, 66, 30950),
(2, 2, 6, 67, 31050),
(2, 2, 6, 68, 31160),
(2, 2, 6, 69, 31270),
(2, 2, 6, 70, 31380),
(2, 2, 6, 71, 31540),
(2, 2, 6, 72, 31650),
(2, 2, 6, 73, 31760),
(2, 2, 6, 74, 31860),
(2, 2, 6, 75, 31970),
(2, 2, 6, 76, 32080),
(2, 2, 6, 77, 32190),
(2, 2, 6, 78, 32300),
(2, 2, 6, 79, 32400),
(2, 2, 6, 80, 32510),
(2, 2, 6, 81, 32670),
(2, 2, 6, 82, 32780),
(2, 2, 6, 83, 32890),
(2, 2, 6, 84, 33000),
(2, 2, 6, 85, 33110),
(2, 2, 6, 86, 33210),
(2, 2, 6, 87, 33320),
(2, 2, 6, 88, 33430),
(2, 2, 6, 89, 33590),
(2, 2, 6, 90, 33700),
(2, 2, 6, 91, 33810),
(2, 2, 6, 92, 33920),
(2, 2, 6, 93, 34020),
(2, 2, 6, 94, 34130),
(2, 2, 6, 95, 34240),
(2, 2, 6, 96, 34350),
(2, 2, 6, 97, 34460),
(2, 2, 6, 98, 34560),
(2, 2, 6, 99, 34670),
(2, 2, 6, 100, 34780);

-- --------------------------------------------------------

--
-- テーブルの構造 `fareusu`
--

CREATE TABLE `fareusu` (
  `busid` int(3) NOT NULL,
  `medium` int(2) NOT NULL,
  `faread` int(2) NOT NULL,
  `minkm` int(100) NOT NULL,
  `maxkm` int(100) NOT NULL,
  `fare` int(6) NOT NULL
) ENGINE=InnoDB DEFAULT CHARSET=utf8mb4 COLLATE=utf8mb4_general_ci;

--
-- テーブルのデータのダンプ `fareusu`
--

INSERT INTO `fareusu` (`busid`, `medium`, `faread`, `minkm`, `maxkm`, `fare`) VALUES
(1, 1, 1, 1, 3, 147),
(1, 1, 1, 4, 6, 189),
(1, 1, 1, 7, 10, 199),
(1, 1, 1, 11, 15, 242),
(1, 1, 1, 16, 20, 330),
(1, 1, 1, 21, 25, 418),
(1, 1, 1, 26, 30, 506),
(1, 1, 1, 31, 35, 594),
(1, 1, 1, 36, 40, 682),
(1, 1, 1, 41, 45, 770),
(1, 1, 1, 46, 50, 858),
(1, 1, 1, 51, 60, 990),
(1, 1, 1, 61, 70, 1166),
(1, 1, 1, 71, 80, 1342),
(1, 1, 1, 81, 90, 1518),
(1, 1, 1, 91, 100, 1694),
(1, 2, 1, 1, 3, 150),
(1, 2, 1, 4, 6, 190),
(1, 2, 1, 7, 10, 200),
(1, 2, 1, 11, 15, 240),
(1, 2, 1, 16, 20, 330),
(1, 2, 1, 21, 25, 420),
(1, 2, 1, 26, 30, 510),
(1, 2, 1, 31, 35, 590),
(1, 2, 1, 36, 40, 680),
(1, 2, 1, 41, 45, 770),
(1, 2, 1, 46, 50, 860),
(1, 2, 1, 51, 60, 990),
(1, 2, 1, 61, 70, 1170),
(1, 2, 1, 71, 80, 1340),
(1, 2, 1, 81, 90, 1520),
(1, 2, 1, 91, 100, 1690),
(2, 1, 1, 1, 4, 157),
(2, 1, 1, 5, 7, 178),
(2, 1, 1, 8, 10, 209),
(2, 1, 1, 11, 15, 261),
(2, 1, 1, 16, 20, 324),
(2, 1, 1, 21, 25, 377),
(2, 1, 1, 26, 30, 429),
(2, 1, 1, 31, 35, 481),
(2, 1, 1, 36, 40, 534),
(2, 1, 1, 41, 45, 607),
(2, 1, 1, 46, 50, 670),
(2, 1, 1, 51, 60, 743),
(2, 1, 1, 61, 70, 827),
(2, 1, 1, 71, 80, 912),
(2, 1, 1, 81, 90, 995),
(2, 1, 1, 91, 100, 1089),
(2, 2, 1, 1, 4, 160),
(2, 2, 1, 5, 7, 180),
(2, 2, 1, 8, 10, 210),
(2, 2, 1, 11, 15, 270),
(2, 2, 1, 16, 20, 330),
(2, 2, 1, 21, 25, 380),
(2, 2, 1, 26, 30, 430),
(2, 2, 1, 31, 35, 490),
(2, 2, 1, 36, 40, 540),
(2, 2, 1, 41, 45, 610),
(2, 2, 1, 46, 50, 670),
(2, 2, 1, 51, 60, 750),
(2, 2, 1, 61, 70, 830),
(2, 2, 1, 71, 80, 920),
(2, 2, 1, 81, 90, 1000),
(2, 2, 1, 91, 100, 1090);

-- --------------------------------------------------------

--
-- テーブルの構造 `iccard`
--

CREATE TABLE `iccard` (
  `ICno` int(5) NOT NULL,
  `name` varchar(30) NOT NULL,
  `seinen` date NOT NULL,
  `bal` int(5) NOT NULL,
  `depo` varchar(30) NOT NULL,
  `stday` date NOT NULL,
  `endday` date NOT NULL,
  `depass` varchar(30) NOT NULL,
  `arpass` varchar(30) NOT NULL,
  `gepass` int(10) NOT NULL,
  `month` int(5) NOT NULL,
  `new` tinyint(1) NOT NULL
) ENGINE=InnoDB DEFAULT CHARSET=utf8mb4 COLLATE=utf8mb4_general_ci;

--
-- テーブルのデータのダンプ `iccard`
--

INSERT INTO `iccard` (`ICno`, `name`, `seinen`, `bal`, `depo`, `stday`, `endday`, `depass`, `arpass`, `gepass`, `month`, `new`) VALUES
(1, 'a', '2026-01-19', 0, '', '0000-00-00', '0000-00-00', '', '', 0, 0, 0),
(2, 'b', '2026-01-19', 0, '', '0000-00-00', '0000-00-00', '', '', 0, 0, 0),
(3, 'b', '2026-01-19', 0, '', '0000-00-00', '0000-00-00', '', '', 0, 0, 0),
(4, '', '0000-00-00', 1000, '', '0000-00-00', '0000-00-00', '', '', 0, 0, 0),
(5, 'c', '2026-01-19', 0, '', '0000-00-00', '0000-00-00', '', '', 0, 0, 0),
(6, 'e', '2026-01-19', 1000, '', '0000-00-00', '0000-00-00', '', '', 0, 0, 0),
(7, 'f', '2026-01-19', 1000, '', '0000-00-00', '0000-00-00', '', '', 0, 0, 0),
(8, 'g', '2026-01-19', 1000, '', '0000-00-00', '0000-00-00', '', '', 0, 0, 0),
(9, 'b', '2026-01-19', 1000, '', '0000-00-00', '0000-00-00', '', '', 0, 0, 0),
(10, 'a', '2026-01-19', 1000, '', '0000-00-00', '0000-00-00', '', '', 0, 0, 0),
(11, 'a', '2026-01-19', 1000, '', '0000-00-00', '0000-00-00', '', '', 0, 0, 0),
(12, 'a', '2026-01-19', 0, '', '0000-00-00', '0000-00-00', '', '', 0, 0, 0),
(13, 'a', '2026-01-19', 0, '', '0000-00-00', '0000-00-00', '', '', 0, 0, 0),
(14, 'c', '2026-01-19', 0, '', '0000-00-00', '0000-00-00', '', '', 0, 0, 0),
(15, 'a', '2026-01-19', 0, '', '0000-00-00', '0000-00-00', '', '', 0, 0, 0),
(16, 'a', '2026-01-19', 1000, '', '0000-00-00', '0000-00-00', '', '', 0, 0, 0),
(17, 'a', '2026-01-19', 1000, '', '0000-00-00', '0000-00-00', '', '', 0, 0, 0),
(18, 'a', '2026-01-19', 1000, '', '0000-00-00', '0000-00-00', '', '', 0, 0, 0),
(19, 'a', '2026-01-19', 1000, '', '0000-00-00', '0000-00-00', '', '', 0, 0, 0),
(20, 'a', '2026-01-19', 1000, '', '0000-00-00', '0000-00-00', '', '', 0, 0, 0),
(21, 'a', '2026-01-01', 1000, '', '0000-00-00', '0000-00-00', '', '', 0, 0, 0),
(22, 'c', '2026-01-19', 1000, '', '0000-00-00', '0000-00-00', '', '', 0, 0, 0),
(23, 'd', '2026-01-19', 10000, '', '0000-00-00', '0000-00-00', '', '', 0, 0, 0),
(24, 's', '2026-01-19', 4000, '', '0000-00-00', '0000-00-00', '', '', 0, 0, 0);

-- --------------------------------------------------------

--
-- テーブルの構造 `kinhu`
--

CREATE TABLE `kinhu` (
  `huno` int(5) NOT NULL,
  `huname` varchar(20) NOT NULL
) ENGINE=InnoDB DEFAULT CHARSET=utf8mb4 COLLATE=utf8mb4_general_ci;

--
-- テーブルのデータのダンプ `kinhu`
--

INSERT INTO `kinhu` (`huno`, `huname`) VALUES
(1, '大人'),
(2, '小人');

-- --------------------------------------------------------

--
-- テーブルの構造 `kinpass`
--

CREATE TABLE `kinpass` (
  `passno` int(10) NOT NULL,
  `passname` varchar(20) NOT NULL
) ENGINE=InnoDB DEFAULT CHARSET=utf8mb4 COLLATE=utf8mb4_general_ci;

--
-- テーブルのデータのダンプ `kinpass`
--

INSERT INTO `kinpass` (`passno`, `passname`) VALUES
(1, '通勤'),
(2, '通学'),
(3, '通学(大学)'),
(4, '通学(高校)'),
(5, '通学(中学)');

-- --------------------------------------------------------

--
-- テーブルの構造 `medium`
--

CREATE TABLE `medium` (
  `mediumno` int(10) NOT NULL,
  `mediumname` varchar(20) NOT NULL
) ENGINE=InnoDB DEFAULT CHARSET=utf8mb4 COLLATE=utf8mb4_general_ci;

--
-- テーブルのデータのダンプ `medium`
--

INSERT INTO `medium` (`mediumno`, `mediumname`) VALUES
(1, 'IC'),
(2, '切符');

-- --------------------------------------------------------

--
-- テーブルの構造 `passmot`
--

CREATE TABLE `passmot` (
  `motno` int(10) NOT NULL,
  `motname` varchar(20) NOT NULL
) ENGINE=InnoDB DEFAULT CHARSET=utf8mb4 COLLATE=utf8mb4_general_ci;

--
-- テーブルのデータのダンプ `passmot`
--

INSERT INTO `passmot` (`motno`, `motname`) VALUES
(1, '1箇月'),
(3, '3箇月'),
(6, '6箇月');

-- --------------------------------------------------------

--
-- テーブルの構造 `resume`
--

CREATE TABLE `resume` (
  `ICno` int(5) NOT NULL,
  `reday` date NOT NULL,
  `bos` varchar(30) NOT NULL,
  `gos` varchar(30) NOT NULL,
  `fare` int(5) NOT NULL
) ENGINE=InnoDB DEFAULT CHARSET=utf8mb4 COLLATE=utf8mb4_general_ci;

--
-- テーブルのデータのダンプ `resume`
--

INSERT INTO `resume` (`ICno`, `reday`, `bos`, `gos`, `fare`) VALUES
(1, '2026-01-20', '高崎', '駒形', 0),
(24, '2026-01-20', '高崎', '駒形', 0);

-- --------------------------------------------------------

--
-- テーブルの構造 `ruote`
--

CREATE TABLE `ruote` (
  `busid` int(3) NOT NULL,
  `ruoid` int(5) NOT NULL,
  `ruoneme` varchar(30) NOT NULL
) ENGINE=InnoDB DEFAULT CHARSET=utf8mb4 COLLATE=utf8mb4_general_ci;

--
-- テーブルのデータのダンプ `ruote`
--

INSERT INTO `ruote` (`busid`, `ruoid`, `ruoneme`) VALUES
(1, 1, '上越線'),
(1, 2, '信越本線'),
(1, 3, '両毛線'),
(2, 4, '伊勢崎線');

-- --------------------------------------------------------

--
-- テーブルの構造 `station`
--

CREATE TABLE `station` (
  `ruoid` int(5) NOT NULL,
  `stationid` int(20) NOT NULL,
  `stationname` varchar(30) NOT NULL,
  `betkm` float NOT NULL,
  `pointkm` float NOT NULL
) ENGINE=InnoDB DEFAULT CHARSET=utf8mb4 COLLATE=utf8mb4_general_ci;

--
-- テーブルのデータのダンプ `station`
--

INSERT INTO `station` (`ruoid`, `stationid`, `stationname`, `betkm`, `pointkm`) VALUES
(1, 1, '高崎', 0, 0),
(2, 1, '高崎', 0, 0),
(3, 1, '桐生', 0, 0),
(4, 1, '館林', 0, 0),
(1, 2, '高崎問屋町', 2.8, 2.8),
(2, 2, '北高崎', 2.4, 2.4),
(3, 2, '岩宿', 4, 4),
(4, 2, '多々良', 4, 4),
(1, 3, '井野', 1.2, 4),
(2, 3, '群馬八幡', 4, 6.4),
(3, 3, '国定', 6.4, 10.4),
(4, 3, '県', 3.2, 7.2),
(1, 4, '新前橋', 3.3, 7.3),
(2, 4, '安中', 4.2, 10.6),
(3, 4, '伊勢崎', 5.8, 16.2),
(4, 4, '福居', 2.1, 9.3),
(1, 5, '群馬総社', 4.8, 12.1),
(2, 5, '磯部', 7, 17.6),
(3, 5, '駒形', 5.8, 22),
(4, 5, '東武和泉', 1.2, 10.5),
(1, 6, '八木原', 5.6, 17.7),
(2, 6, '松井田', 5.1, 22.7),
(3, 6, '前橋大島', 3.2, 25.2),
(4, 6, '足利市', 1.7, 12.2),
(1, 7, '渋川', 3.4, 21.1),
(2, 7, '西松井田', 1.2, 23.9),
(3, 7, '前橋', 3.8, 29),
(4, 7, '野州山辺', 1.7, 13.9),
(1, 8, '敷島', 6.4, 27.5),
(2, 8, '横川', 5.8, 29.7),
(3, 8, '新前橋', 2.5, 31.5),
(4, 8, '韮川', 3.3, 17.2),
(1, 9, '津久田', 3, 30.5),
(4, 9, '太田', 2.9, 20.1),
(1, 10, '岩本', 5.8, 36.3),
(4, 10, '細谷', 3.1, 23.2),
(1, 11, '沼田', 5.1, 41.4),
(4, 11, '木崎', 3.4, 26.6),
(1, 12, '後閑', 5.2, 46.6),
(4, 12, '世良田', 2.9, 29.5),
(1, 13, '上牧', 7.1, 53.7),
(4, 13, '境町', 2.2, 31.7),
(1, 14, '水上', 5.4, 59.1),
(4, 14, '剛志', 3.7, 35.4),
(4, 15, '新伊勢崎', 3.3, 38.7),
(4, 16, '伊勢崎', 1.2, 39.9);

--
-- ダンプしたテーブルのインデックス
--

--
-- テーブルのインデックス `bosr2`
--
ALTER TABLE `bosr2`
  ADD PRIMARY KEY (`ruoid`);

--
-- テーブルのインデックス `com`
--
ALTER TABLE `com`
  ADD PRIMARY KEY (`busid`);

--
-- テーブルのインデックス `iccard`
--
ALTER TABLE `iccard`
  ADD PRIMARY KEY (`ICno`);

--
-- テーブルのインデックス `kinhu`
--
ALTER TABLE `kinhu`
  ADD PRIMARY KEY (`huno`);

--
-- テーブルのインデックス `kinpass`
--
ALTER TABLE `kinpass`
  ADD PRIMARY KEY (`passno`);

--
-- テーブルのインデックス `medium`
--
ALTER TABLE `medium`
  ADD PRIMARY KEY (`mediumno`);

--
-- テーブルのインデックス `passmot`
--
ALTER TABLE `passmot`
  ADD PRIMARY KEY (`motno`);

--
-- テーブルのインデックス `resume`
--
ALTER TABLE `resume`
  ADD PRIMARY KEY (`ICno`);

--
-- テーブルのインデックス `ruote`
--
ALTER TABLE `ruote`
  ADD PRIMARY KEY (`busid`,`ruoid`);

--
-- テーブルのインデックス `station`
--
ALTER TABLE `station`
  ADD PRIMARY KEY (`stationid`,`ruoid`);

--
-- ダンプしたテーブルの AUTO_INCREMENT
--

--
-- テーブルの AUTO_INCREMENT `iccard`
--
ALTER TABLE `iccard`
  MODIFY `ICno` int(5) NOT NULL AUTO_INCREMENT, AUTO_INCREMENT=26;

--
-- テーブルの AUTO_INCREMENT `resume`
--
ALTER TABLE `resume`
  MODIFY `ICno` int(5) NOT NULL AUTO_INCREMENT, AUTO_INCREMENT=25;
COMMIT;

/*!40101 SET CHARACTER_SET_CLIENT=@OLD_CHARACTER_SET_CLIENT */;
/*!40101 SET CHARACTER_SET_RESULTS=@OLD_CHARACTER_SET_RESULTS */;
/*!40101 SET COLLATION_CONNECTION=@OLD_COLLATION_CONNECTION */;
